[
    {
        "date": "1/1/16",
        "mean_temp": 38,
        "precip": 0.0,
        "events": ""
    },
    {
        "date": "1/2/16",
        "mean_temp": 36,
        "precip": 0.0,
        "events": ""
    },
    {
        "date": "1/3/16",
        "mean_temp": 40,
        "precip": 0.0,
        "events": ""
    },
    {
        "date": "1/4/16",
        "mean_temp": 25,
        "precip": 0.0,
        "events": ""
    },
    {
        "date": "1/5/16",
        "mean_temp": 20,
        "precip": 0.0,
        "events": ""
    },
    {
        "date": "1/6/16",
        "mean_temp": 33,
        "precip": 0.0,
        "events": ""
    },
    {
        "date": "1/7/16",
        "mean_temp": 39,
        "precip": 0.0,
        "events": ""
    },
    {
        "date": "1/8/16",
        "mean_temp": 39,
        "precip": 0.0,
        "events": ""
    },
    {
        "date": "1/9/16",
        "mean_temp": 44,
        "precip": "T",
        "events": "Rain"
    },
    {
        "date": "1/10/16",
        "mean_temp": 50,
        "precip": 1.8,
        "events": "Rain"
    },
    {
        "date": "1/11/16",
        "mean_temp": 33,
        "precip": 0.0,
        "events": ""
    },
    {
        "date": "1/12/16",
        "mean_temp": 35,
        "precip": "T",
        "events": ""
    },
    {
        "date": "1/13/16",
        "mean_temp": 26,
        "precip": 0.0,
        "events": ""
    },
    {
        "date": "1/14/16",
        "mean_temp": 30,
        "precip": "T",
        "events": ""
    },
    {
        "date": "1/15/16",
        "mean_temp": 43,
        "precip": "T",
        "events": ""
    },
    {
        "date": "1/16/16",
        "mean_temp": 47,
        "precip": 0.24,
        "events": "Rain"
    },
    {
        "date": "1/17/16",
        "mean_temp": 36,
        "precip": 0.05,
        "events": "Fog-Snow"
    },
    {
        "date": "1/18/16",
        "mean_temp": 25,
        "precip": "T",
        "events": "Snow"
    },
    {
        "date": "1/19/16",
        "mean_temp": 22,
        "precip": 0.0,
        "events": ""
    },
    {
        "date": "1/20/16",
        "mean_temp": 32,
        "precip": 0.0,
        "events": ""
    },
    {
        "date": "1/21/16",
        "mean_temp": 31,
        "precip": 0.0,
        "events": ""
    },
    {
        "date": "1/22/16",
        "mean_temp": 26,
        "precip": 0.01,
        "events": "Snow"
    },
    {
        "date": "1/23/16",
        "mean_temp": 26,
        "precip": 2.31,
        "events": "Fog-Snow"
    },
    {
        "date": "1/24/16",
        "mean_temp": 28,
        "precip": "T",
        "events": "Snow"
    },
    {
        "date": "1/25/16",
        "mean_temp": 34,
        "precip": 0.0,
        "events": ""
    },
    {
        "date": "1/26/16",
        "mean_temp": 43,
        "precip": 0.0,
        "events": ""
    },
    {
        "date": "1/27/16",
        "mean_temp": 41,
        "precip": "T",
        "events": "Rain"
    },
    {
        "date": "1/28/16",
        "mean_temp": 37,
        "precip": 0.0,
        "events": ""
    },
    {
        "date": "1/29/16",
        "mean_temp": 36,
        "precip": 0.0,
        "events": ""
    },
    {
        "date": "1/30/16",
        "mean_temp": 34,
        "precip": 0.0,
        "events": ""
    },
    {
        "date": "1/31/16",
        "mean_temp": 46,
        "precip": 0.0,
        "events": ""
    },
    {
        "date": "2/1/16",
        "mean_temp": 52,
        "precip": 0.01,
        "events": "Rain"
    },
    {
        "date": "2/2/16",
        "mean_temp": 44,
        "precip": 0.0,
        "events": ""
    },
    {
        "date": "2/3/16",
        "mean_temp": 51,
        "precip": 0.73,
        "events": "Rain"
    },
    {
        "date": "2/4/16",
        "mean_temp": 52,
        "precip": "T",
        "events": "Rain"
    },
    {
        "date": "2/5/16",
        "mean_temp": 38,
        "precip": 0.53,
        "events": "Fog-Rain-Snow"
    },
    {
        "date": "2/6/16",
        "mean_temp": 34,
        "precip": 0.0,
        "events": ""
    },
    {
        "date": "2/7/16",
        "mean_temp": 40,
        "precip": 0.0,
        "events": ""
    },
    {
        "date": "2/8/16",
        "mean_temp": 34,
        "precip": 0.05,
        "events": "Snow"
    },
    {
        "date": "2/9/16",
        "mean_temp": 32,
        "precip": "T",
        "events": ""
    },
    {
        "date": "2/10/16",
        "mean_temp": 35,
        "precip": 0.01,
        "events": "Snow"
    },
    {
        "date": "2/11/16",
        "mean_temp": 25,
        "precip": "T",
        "events": "Snow"
    },
    {
        "date": "2/12/16",
        "mean_temp": 21,
        "precip": 0.0,
        "events": ""
    },
    {
        "date": "2/13/16",
        "mean_temp": 14,
        "precip": 0.0,
        "events": ""
    },
    {
        "date": "2/14/16",
        "mean_temp": 7,
        "precip": 0.0,
        "events": ""
    },
    {
        "date": "2/15/16",
        "mean_temp": 24,
        "precip": 0.44,
        "events": "Fog-Rain-Snow"
    },
    {
        "date": "2/16/16",
        "mean_temp": 45,
        "precip": 1.01,
        "events": "Fog-Rain"
    },
    {
        "date": "2/17/16",
        "mean_temp": 37,
        "precip": 0.0,
        "events": ""
    },
    {
        "date": "2/18/16",
        "mean_temp": 32,
        "precip": 0.0,
        "events": ""
    },
    {
        "date": "2/19/16",
        "mean_temp": 32,
        "precip": 0.0,
        "events": ""
    },
    {
        "date": "2/20/16",
        "mean_temp": 50,
        "precip": 0.0,
        "events": ""
    },
    {
        "date": "2/21/16",
        "mean_temp": 50,
        "precip": 0.03,
        "events": "Rain"
    },
    {
        "date": "2/22/16",
        "mean_temp": 45,
        "precip": 0.0,
        "events": ""
    },
    {
        "date": "2/23/16",
        "mean_temp": 38,
        "precip": 0.3,
        "events": "Rain"
    },
    {
        "date": "2/24/16",
        "mean_temp": 48,
        "precip": 1.22,
        "events": "Rain"
    },
    {
        "date": "2/25/16",
        "mean_temp": 49,
        "precip": 0.02,
        "events": "Rain"
    },
    {
        "date": "2/26/16",
        "mean_temp": 33,
        "precip": 0.0,
        "events": ""
    },
    {
        "date": "2/27/16",
        "mean_temp": 34,
        "precip": 0.0,
        "events": ""
    },
    {
        "date": "2/28/16",
        "mean_temp": 49,
        "precip": 0.0,
        "events": ""
    },
    {
        "date": "2/29/16",
        "mean_temp": 54,
        "precip": 0.05,
        "events": "Rain"
    },
    {
        "date": "3/1/16",
        "mean_temp": 46,
        "precip": 0.0,
        "events": ""
    },
    {
        "date": "3/2/16",
        "mean_temp": 42,
        "precip": 0.14,
        "events": "Rain"
    },
    {
        "date": "3/3/16",
        "mean_temp": 31,
        "precip": 0.0,
        "events": ""
    },
    {
        "date": "3/4/16",
        "mean_temp": 35,
        "precip": 0.11,
        "events": "Snow"
    },
    {
        "date": "3/5/16",
        "mean_temp": 35,
        "precip": 0.0,
        "events": ""
    },
    {
        "date": "3/6/16",
        "mean_temp": 38,
        "precip": 0.0,
        "events": ""
    },
    {
        "date": "3/7/16",
        "mean_temp": 48,
        "precip": 0.0,
        "events": ""
    },
    {
        "date": "3/8/16",
        "mean_temp": 57,
        "precip": 0.0,
        "events": ""
    },
    {
        "date": "3/9/16",
        "mean_temp": 61,
        "precip": 0.0,
        "events": ""
    },
    {
        "date": "3/10/16",
        "mean_temp": 71,
        "precip": 0.0,
        "events": ""
    },
    {
        "date": "3/11/16",
        "mean_temp": 58,
        "precip": 0.06,
        "events": "Rain"
    },
    {
        "date": "3/12/16",
        "mean_temp": 50,
        "precip": 0.0,
        "events": ""
    },
    {
        "date": "3/13/16",
        "mean_temp": 56,
        "precip": "T",
        "events": "Rain"
    },
    {
        "date": "3/14/16",
        "mean_temp": 46,
        "precip": 0.29,
        "events": "Rain"
    },
    {
        "date": "3/15/16",
        "mean_temp": 51,
        "precip": 0.0,
        "events": ""
    },
    {
        "date": "3/16/16",
        "mean_temp": 57,
        "precip": 0.02,
        "events": "Rain"
    },
    {
        "date": "3/17/16",
        "mean_temp": 54,
        "precip": "T",
        "events": ""
    },
    {
        "date": "3/18/16",
        "mean_temp": 50,
        "precip": 0.0,
        "events": ""
    },
    {
        "date": "3/19/16",
        "mean_temp": 41,
        "precip": 0.0,
        "events": ""
    },
    {
        "date": "3/20/16",
        "mean_temp": 38,
        "precip": 0.07,
        "events": "Snow"
    },
    {
        "date": "3/21/16",
        "mean_temp": 41,
        "precip": 0.06,
        "events": "Snow"
    },
    {
        "date": "3/22/16",
        "mean_temp": 46,
        "precip": 0.0,
        "events": ""
    },
    {
        "date": "3/23/16",
        "mean_temp": 60,
        "precip": 0.0,
        "events": ""
    },
    {
        "date": "3/24/16",
        "mean_temp": 50,
        "precip": 0.0,
        "events": ""
    },
    {
        "date": "3/25/16",
        "mean_temp": 58,
        "precip": 0.04,
        "events": "Rain"
    },
    {
        "date": "3/26/16",
        "mean_temp": 47,
        "precip": 0.0,
        "events": ""
    },
    {
        "date": "3/27/16",
        "mean_temp": 49,
        "precip": 0.0,
        "events": ""
    },
    {
        "date": "3/28/16",
        "mean_temp": 52,
        "precip": 0.38,
        "events": "Rain"
    },
    {
        "date": "3/29/16",
        "mean_temp": 47,
        "precip": 0.0,
        "events": ""
    },
    {
        "date": "3/30/16",
        "mean_temp": 47,
        "precip": 0.0,
        "events": ""
    },
    {
        "date": "3/31/16",
        "mean_temp": 61,
        "precip": 0.0,
        "events": ""
    },
    {
        "date": "4/1/16",
        "mean_temp": 70,
        "precip": 0.01,
        "events": "Rain"
    },
    {
        "date": "4/2/16",
        "mean_temp": 55,
        "precip": 0.15,
        "events": "Rain"
    },
    {
        "date": "4/3/16",
        "mean_temp": 42,
        "precip": 0.09,
        "events": "Rain"
    },
    {
        "date": "4/4/16",
        "mean_temp": 37,
        "precip": 0.47,
        "events": "Rain-Snow"
    },
    {
        "date": "4/5/16",
        "mean_temp": 35,
        "precip": 0.0,
        "events": ""
    },
    {
        "date": "4/6/16",
        "mean_temp": 39,
        "precip": 0.0,
        "events": ""
    },
    {
        "date": "4/7/16",
        "mean_temp": 53,
        "precip": 0.09,
        "events": "Rain"
    },
    {
        "date": "4/8/16",
        "mean_temp": 45,
        "precip": 0.01,
        "events": ""
    },
    {
        "date": "4/9/16",
        "mean_temp": 40,
        "precip": 0.09,
        "events": "Rain"
    },
    {
        "date": "4/10/16",
        "mean_temp": 41,
        "precip": 0.0,
        "events": ""
    },
    {
        "date": "4/11/16",
        "mean_temp": 54,
        "precip": 0.01,
        "events": "Rain"
    },
    {
        "date": "4/12/16",
        "mean_temp": 52,
        "precip": 0.2,
        "events": "Rain"
    },
    {
        "date": "4/13/16",
        "mean_temp": 49,
        "precip": 0.0,
        "events": ""
    },
    {
        "date": "4/14/16",
        "mean_temp": 53,
        "precip": 0.0,
        "events": ""
    },
    {
        "date": "4/15/16",
        "mean_temp": 54,
        "precip": 0.0,
        "events": ""
    },
    {
        "date": "4/16/16",
        "mean_temp": 56,
        "precip": 0.0,
        "events": ""
    },
    {
        "date": "4/17/16",
        "mean_temp": 60,
        "precip": 0.0,
        "events": ""
    },
    {
        "date": "4/18/16",
        "mean_temp": 67,
        "precip": 0.0,
        "events": ""
    },
    {
        "date": "4/19/16",
        "mean_temp": 64,
        "precip": 0.0,
        "events": ""
    },
    {
        "date": "4/20/16",
        "mean_temp": 59,
        "precip": 0.0,
        "events": ""
    },
    {
        "date": "4/21/16",
        "mean_temp": 61,
        "precip": 0.0,
        "events": ""
    },
    {
        "date": "4/22/16",
        "mean_temp": 71,
        "precip": "T",
        "events": ""
    },
    {
        "date": "4/23/16",
        "mean_temp": 63,
        "precip": 0.16,
        "events": "Rain"
    },
    {
        "date": "4/24/16",
        "mean_temp": 58,
        "precip": 0.0,
        "events": ""
    },
    {
        "date": "4/25/16",
        "mean_temp": 60,
        "precip": 0.0,
        "events": ""
    },
    {
        "date": "4/26/16",
        "mean_temp": 54,
        "precip": 0.24,
        "events": "Rain"
    },
    {
        "date": "4/27/16",
        "mean_temp": 54,
        "precip": 0.0,
        "events": ""
    },
    {
        "date": "4/28/16",
        "mean_temp": 54,
        "precip": 0.0,
        "events": ""
    },
    {
        "date": "4/29/16",
        "mean_temp": 52,
        "precip": 0.05,
        "events": "Rain"
    },
    {
        "date": "4/30/16",
        "mean_temp": 56,
        "precip": 0.0,
        "events": ""
    },
    {
        "date": "5/1/16",
        "mean_temp": 48,
        "precip": 0.16,
        "events": "Rain"
    },
    {
        "date": "5/2/16",
        "mean_temp": 53,
        "precip": 0.04,
        "events": "Rain"
    },
    {
        "date": "5/3/16",
        "mean_temp": 54,
        "precip": 0.61,
        "events": "Rain"
    },
    {
        "date": "5/4/16",
        "mean_temp": 50,
        "precip": 0.01,
        "events": "Rain"
    },
    {
        "date": "5/5/16",
        "mean_temp": 52,
        "precip": 0.0,
        "events": ""
    },
    {
        "date": "5/6/16",
        "mean_temp": 51,
        "precip": 0.54,
        "events": "Fog-Rain"
    },
    {
        "date": "5/7/16",
        "mean_temp": 54,
        "precip": 0.0,
        "events": ""
    },
    {
        "date": "5/8/16",
        "mean_temp": 58,
        "precip": 0.16,
        "events": "Rain"
    },
    {
        "date": "5/9/16",
        "mean_temp": 62,
        "precip": 0.0,
        "events": ""
    },
    {
        "date": "5/10/16",
        "mean_temp": 57,
        "precip": 0.0,
        "events": ""
    },
    {
        "date": "5/11/16",
        "mean_temp": 63,
        "precip": 0.0,
        "events": ""
    },
    {
        "date": "5/12/16",
        "mean_temp": 68,
        "precip": 0.0,
        "events": ""
    },
    {
        "date": "5/13/16",
        "mean_temp": 62,
        "precip": 0.25,
        "events": ""
    },
    {
        "date": "5/14/16",
        "mean_temp": 65,
        "precip": "T",
        "events": ""
    },
    {
        "date": "5/15/16",
        "mean_temp": 52,
        "precip": "T",
        "events": ""
    },
    {
        "date": "5/16/16",
        "mean_temp": 55,
        "precip": 0.0,
        "events": ""
    },
    {
        "date": "5/17/16",
        "mean_temp": 58,
        "precip": "T",
        "events": ""
    },
    {
        "date": "5/18/16",
        "mean_temp": 56,
        "precip": "T",
        "events": ""
    },
    {
        "date": "5/19/16",
        "mean_temp": 64,
        "precip": 0.0,
        "events": ""
    },
    {
        "date": "5/20/16",
        "mean_temp": 65,
        "precip": 0.0,
        "events": ""
    },
    {
        "date": "5/21/16",
        "mean_temp": 60,
        "precip": 0.04,
        "events": "Rain"
    },
    {
        "date": "5/22/16",
        "mean_temp": 61,
        "precip": 0.09,
        "events": "Rain"
    },
    {
        "date": "5/23/16",
        "mean_temp": 67,
        "precip": 0.02,
        "events": "Rain"
    },
    {
        "date": "5/24/16",
        "mean_temp": 66,
        "precip": 0.18,
        "events": "Rain"
    },
    {
        "date": "5/25/16",
        "mean_temp": 75,
        "precip": 0.0,
        "events": ""
    },
    {
        "date": "5/26/16",
        "mean_temp": 80,
        "precip": 0.0,
        "events": ""
    },
    {
        "date": "5/27/16",
        "mean_temp": 80,
        "precip": 0.0,
        "events": ""
    },
    {
        "date": "5/28/16",
        "mean_temp": 82,
        "precip": 0.0,
        "events": ""
    },
    {
        "date": "5/29/16",
        "mean_temp": 79,
        "precip": "T",
        "events": ""
    },
    {
        "date": "5/30/16",
        "mean_temp": 75,
        "precip": 1.65,
        "events": "Rain"
    },
    {
        "date": "5/31/16",
        "mean_temp": 78,
        "precip": 0.0,
        "events": ""
    },
    {
        "date": "6/1/16",
        "mean_temp": 75,
        "precip": 0.0,
        "events": ""
    },
    {
        "date": "6/2/16",
        "mean_temp": 70,
        "precip": 0.0,
        "events": ""
    },
    {
        "date": "6/3/16",
        "mean_temp": 67,
        "precip": 0.04,
        "events": "Rain"
    },
    {
        "date": "6/4/16",
        "mean_temp": 75,
        "precip": 0.4,
        "events": "Rain"
    },
    {
        "date": "6/5/16",
        "mean_temp": 68,
        "precip": 0.91,
        "events": "Fog-Rain"
    },
    {
        "date": "6/6/16",
        "mean_temp": 74,
        "precip": 0.0,
        "events": ""
    },
    {
        "date": "6/7/16",
        "mean_temp": 75,
        "precip": "T",
        "events": ""
    },
    {
        "date": "6/8/16",
        "mean_temp": 60,
        "precip": 0.45,
        "events": "Rain"
    },
    {
        "date": "6/9/16",
        "mean_temp": 63,
        "precip": 0.0,
        "events": ""
    },
    {
        "date": "6/10/16",
        "mean_temp": 67,
        "precip": 0.0,
        "events": ""
    },
    {
        "date": "6/11/16",
        "mean_temp": 74,
        "precip": 0.0,
        "events": ""
    },
    {
        "date": "6/12/16",
        "mean_temp": 73,
        "precip": 0.0,
        "events": ""
    },
    {
        "date": "6/13/16",
        "mean_temp": 66,
        "precip": 0.0,
        "events": ""
    },
    {
        "date": "6/14/16",
        "mean_temp": 69,
        "precip": 0.0,
        "events": ""
    },
    {
        "date": "6/15/16",
        "mean_temp": 74,
        "precip": 0.0,
        "events": ""
    },
    {
        "date": "6/16/16",
        "mean_temp": 70,
        "precip": 0.22,
        "events": "Rain"
    },
    {
        "date": "6/17/16",
        "mean_temp": 71,
        "precip": 0.0,
        "events": ""
    },
    {
        "date": "6/18/16",
        "mean_temp": 74,
        "precip": 0.0,
        "events": ""
    },
    {
        "date": "6/19/16",
        "mean_temp": 77,
        "precip": 0.0,
        "events": ""
    },
    {
        "date": "6/20/16",
        "mean_temp": 74,
        "precip": 0.0,
        "events": ""
    },
    {
        "date": "6/21/16",
        "mean_temp": 80,
        "precip": "T",
        "events": "Rain"
    },
    {
        "date": "6/22/16",
        "mean_temp": 77,
        "precip": 0.0,
        "events": ""
    },
    {
        "date": "6/23/16",
        "mean_temp": 76,
        "precip": 0.0,
        "events": ""
    },
    {
        "date": "6/24/16",
        "mean_temp": 76,
        "precip": 0.0,
        "events": ""
    },
    {
        "date": "6/25/16",
        "mean_temp": 75,
        "precip": 0.0,
        "events": ""
    },
    {
        "date": "6/26/16",
        "mean_temp": 77,
        "precip": 0.0,
        "events": ""
    },
    {
        "date": "6/27/16",
        "mean_temp": 75,
        "precip": 0.45,
        "events": "Rain"
    },
    {
        "date": "6/28/16",
        "mean_temp": 72,
        "precip": 0.12,
        "events": "Rain"
    },
    {
        "date": "6/29/16",
        "mean_temp": 75,
        "precip": 0.01,
        "events": "Rain"
    },
    {
        "date": "6/30/16",
        "mean_temp": 76,
        "precip": 0.0,
        "events": ""
    },
    {
        "date": "7/1/16",
        "mean_temp": 73,
        "precip": 0.83,
        "events": "Fog-Rain"
    },
    {
        "date": "7/2/16",
        "mean_temp": 70,
        "precip": 0.0,
        "events": ""
    },
    {
        "date": "7/3/16",
        "mean_temp": 71,
        "precip": 0.0,
        "events": ""
    },
    {
        "date": "7/4/16",
        "mean_temp": 75,
        "precip": 0.49,
        "events": "Rain"
    },
    {
        "date": "7/5/16",
        "mean_temp": 78,
        "precip": 0.66,
        "events": "Fog-Rain"
    },
    {
        "date": "7/6/16",
        "mean_temp": 83,
        "precip": 0.0,
        "events": ""
    },
    {
        "date": "7/7/16",
        "mean_temp": 83,
        "precip": 0.04,
        "events": "Rain"
    },
    {
        "date": "7/8/16",
        "mean_temp": 77,
        "precip": 0.08,
        "events": "Rain"
    },
    {
        "date": "7/9/16",
        "mean_temp": 69,
        "precip": 0.53,
        "events": "Rain"
    },
    {
        "date": "7/10/16",
        "mean_temp": 73,
        "precip": "T",
        "events": ""
    },
    {
        "date": "7/11/16",
        "mean_temp": 73,
        "precip": 0.0,
        "events": ""
    },
    {
        "date": "7/12/16",
        "mean_temp": 75,
        "precip": 0.0,
        "events": ""
    },
    {
        "date": "7/13/16",
        "mean_temp": 78,
        "precip": 0.0,
        "events": ""
    },
    {
        "date": "7/14/16",
        "mean_temp": 81,
        "precip": 0.62,
        "events": "Fog-Rain"
    },
    {
        "date": "7/15/16",
        "mean_temp": 84,
        "precip": 0.0,
        "events": ""
    },
    {
        "date": "7/16/16",
        "mean_temp": 83,
        "precip": "T",
        "events": ""
    },
    {
        "date": "7/17/16",
        "mean_temp": 82,
        "precip": 0.0,
        "events": ""
    },
    {
        "date": "7/18/16",
        "mean_temp": 83,
        "precip": 0.35,
        "events": "Rain"
    },
    {
        "date": "7/19/16",
        "mean_temp": 78,
        "precip": 0.0,
        "events": ""
    },
    {
        "date": "7/20/16",
        "mean_temp": 77,
        "precip": 0.0,
        "events": ""
    },
    {
        "date": "7/21/16",
        "mean_temp": 81,
        "precip": 0.0,
        "events": ""
    },
    {
        "date": "7/22/16",
        "mean_temp": 84,
        "precip": 0.0,
        "events": ""
    },
    {
        "date": "7/23/16",
        "mean_temp": 88,
        "precip": 0.0,
        "events": ""
    },
    {
        "date": "7/24/16",
        "mean_temp": 85,
        "precip": 0.0,
        "events": ""
    },
    {
        "date": "7/25/16",
        "mean_temp": 83,
        "precip": 1.0,
        "events": "Fog-Rain"
    },
    {
        "date": "7/26/16",
        "mean_temp": 81,
        "precip": 0.0,
        "events": ""
    },
    {
        "date": "7/27/16",
        "mean_temp": 83,
        "precip": 0.0,
        "events": ""
    },
    {
        "date": "7/28/16",
        "mean_temp": 85,
        "precip": "T",
        "events": "Rain"
    },
    {
        "date": "7/29/16",
        "mean_temp": 77,
        "precip": 1.09,
        "events": "Fog-Rain"
    },
    {
        "date": "7/30/16",
        "mean_temp": 79,
        "precip": 0.25,
        "events": "Rain"
    },
    {
        "date": "7/31/16",
        "mean_temp": 75,
        "precip": 1.08,
        "events": "Rain"
    },
    {
        "date": "8/1/16",
        "mean_temp": 75,
        "precip": "T",
        "events": "Rain"
    },
    {
        "date": "8/2/16",
        "mean_temp": 74,
        "precip": 0.0,
        "events": ""
    },
    {
        "date": "8/3/16",
        "mean_temp": 73,
        "precip": 0.0,
        "events": ""
    },
    {
        "date": "8/4/16",
        "mean_temp": 74,
        "precip": 0.0,
        "events": ""
    },
    {
        "date": "8/5/16",
        "mean_temp": 76,
        "precip": 0.0,
        "events": ""
    },
    {
        "date": "8/6/16",
        "mean_temp": 80,
        "precip": 0.05,
        "events": "Rain"
    },
    {
        "date": "8/7/16",
        "mean_temp": 78,
        "precip": 0.0,
        "events": ""
    },
    {
        "date": "8/8/16",
        "mean_temp": 79,
        "precip": 0.0,
        "events": ""
    },
    {
        "date": "8/9/16",
        "mean_temp": 79,
        "precip": 0.0,
        "events": ""
    },
    {
        "date": "8/10/16",
        "mean_temp": 81,
        "precip": 0.09,
        "events": "Rain"
    },
    {
        "date": "8/11/16",
        "mean_temp": 83,
        "precip": 0.15,
        "events": "Rain"
    },
    {
        "date": "8/12/16",
        "mean_temp": 83,
        "precip": 0.32,
        "events": "Rain"
    },
    {
        "date": "8/13/16",
        "mean_temp": 89,
        "precip": 0.0,
        "events": ""
    },
    {
        "date": "8/14/16",
        "mean_temp": 86,
        "precip": 0.06,
        "events": "Rain"
    },
    {
        "date": "8/15/16",
        "mean_temp": 85,
        "precip": 0.0,
        "events": ""
    },
    {
        "date": "8/16/16",
        "mean_temp": 83,
        "precip": 0.11,
        "events": "Rain"
    },
    {
        "date": "8/17/16",
        "mean_temp": 81,
        "precip": 0.01,
        "events": ""
    },
    {
        "date": "8/18/16",
        "mean_temp": 79,
        "precip": 0.03,
        "events": "Rain"
    },
    {
        "date": "8/19/16",
        "mean_temp": 81,
        "precip": 0.01,
        "events": ""
    },
    {
        "date": "8/20/16",
        "mean_temp": 77,
        "precip": 0.82,
        "events": "Fog-Rain"
    },
    {
        "date": "8/21/16",
        "mean_temp": 80,
        "precip": 0.31,
        "events": "Fog-Rain"
    },
    {
        "date": "8/22/16",
        "mean_temp": 72,
        "precip": 0.0,
        "events": ""
    },
    {
        "date": "8/23/16",
        "mean_temp": 72,
        "precip": 0.0,
        "events": ""
    },
    {
        "date": "8/24/16",
        "mean_temp": 78,
        "precip": 0.0,
        "events": ""
    },
    {
        "date": "8/25/16",
        "mean_temp": 78,
        "precip": 0.0,
        "events": ""
    },
    {
        "date": "8/26/16",
        "mean_temp": 83,
        "precip": 0.0,
        "events": ""
    },
    {
        "date": "8/27/16",
        "mean_temp": 82,
        "precip": 0.0,
        "events": ""
    },
    {
        "date": "8/28/16",
        "mean_temp": 81,
        "precip": 0.0,
        "events": ""
    },
    {
        "date": "8/29/16",
        "mean_temp": 83,
        "precip": 0.0,
        "events": ""
    },
    {
        "date": "8/30/16",
        "mean_temp": 78,
        "precip": 0.0,
        "events": ""
    },
    {
        "date": "8/31/16",
        "mean_temp": 82,
        "precip": "T",
        "events": ""
    },
    {
        "date": "9/1/16",
        "mean_temp": 74,
        "precip": 0.5,
        "events": "Fog-Rain"
    },
    {
        "date": "9/2/16",
        "mean_temp": 74,
        "precip": 0.0,
        "events": ""
    },
    {
        "date": "9/3/16",
        "mean_temp": 71,
        "precip": 0.0,
        "events": ""
    },
    {
        "date": "9/4/16",
        "mean_temp": 73,
        "precip": 0.0,
        "events": ""
    },
    {
        "date": "9/5/16",
        "mean_temp": 75,
        "precip": 0.0,
        "events": ""
    },
    {
        "date": "9/6/16",
        "mean_temp": 76,
        "precip": "T",
        "events": ""
    },
    {
        "date": "9/7/16",
        "mean_temp": 78,
        "precip": 0.0,
        "events": ""
    },
    {
        "date": "9/8/16",
        "mean_temp": 80,
        "precip": 0.0,
        "events": ""
    },
    {
        "date": "9/9/16",
        "mean_temp": 83,
        "precip": 0.22,
        "events": "Rain"
    },
    {
        "date": "9/10/16",
        "mean_temp": 82,
        "precip": "T",
        "events": ""
    },
    {
        "date": "9/11/16",
        "mean_temp": 75,
        "precip": 0.0,
        "events": ""
    },
    {
        "date": "9/12/16",
        "mean_temp": 70,
        "precip": 0.0,
        "events": ""
    },
    {
        "date": "9/13/16",
        "mean_temp": 74,
        "precip": 0.0,
        "events": ""
    },
    {
        "date": "9/14/16",
        "mean_temp": 79,
        "precip": 0.56,
        "events": "Fog-Rain"
    },
    {
        "date": "9/15/16",
        "mean_temp": 68,
        "precip": 0.0,
        "events": ""
    },
    {
        "date": "9/16/16",
        "mean_temp": 67,
        "precip": 0.0,
        "events": ""
    },
    {
        "date": "9/17/16",
        "mean_temp": 67,
        "precip": 0.0,
        "events": ""
    },
    {
        "date": "9/18/16",
        "mean_temp": 76,
        "precip": 0.0,
        "events": ""
    },
    {
        "date": "9/19/16",
        "mean_temp": 73,
        "precip": 0.68,
        "events": "Rain"
    },
    {
        "date": "9/20/16",
        "mean_temp": 75,
        "precip": 0.0,
        "events": ""
    },
    {
        "date": "9/21/16",
        "mean_temp": 76,
        "precip": 0.0,
        "events": ""
    },
    {
        "date": "9/22/16",
        "mean_temp": 76,
        "precip": 0.0,
        "events": ""
    },
    {
        "date": "9/23/16",
        "mean_temp": 76,
        "precip": 0.01,
        "events": ""
    },
    {
        "date": "9/24/16",
        "mean_temp": 65,
        "precip": 0.2,
        "events": "Rain"
    },
    {
        "date": "9/25/16",
        "mean_temp": 62,
        "precip": 0.0,
        "events": ""
    },
    {
        "date": "9/26/16",
        "mean_temp": 64,
        "precip": 0.0,
        "events": ""
    },
    {
        "date": "9/27/16",
        "mean_temp": 69,
        "precip": 0.22,
        "events": "Rain"
    },
    {
        "date": "9/28/16",
        "mean_temp": 63,
        "precip": 0.0,
        "events": ""
    },
    {
        "date": "9/29/16",
        "mean_temp": 61,
        "precip": 0.0,
        "events": ""
    },
    {
        "date": "9/30/16",
        "mean_temp": 58,
        "precip": 0.4,
        "events": "Rain"
    },
    {
        "date": "10/1/16",
        "mean_temp": 59,
        "precip": 0.0,
        "events": ""
    },
    {
        "date": "10/2/16",
        "mean_temp": 60,
        "precip": 0.0,
        "events": ""
    },
    {
        "date": "10/3/16",
        "mean_temp": 66,
        "precip": 0.0,
        "events": ""
    },
    {
        "date": "10/4/16",
        "mean_temp": 65,
        "precip": 0.0,
        "events": ""
    },
    {
        "date": "10/5/16",
        "mean_temp": 60,
        "precip": 0.0,
        "events": ""
    },
    {
        "date": "10/6/16",
        "mean_temp": 64,
        "precip": 0.0,
        "events": ""
    },
    {
        "date": "10/7/16",
        "mean_temp": 66,
        "precip": 0.0,
        "events": ""
    },
    {
        "date": "10/8/16",
        "mean_temp": 63,
        "precip": 0.23,
        "events": "Rain"
    },
    {
        "date": "10/9/16",
        "mean_temp": 58,
        "precip": 0.55,
        "events": "Rain"
    },
    {
        "date": "10/10/16",
        "mean_temp": 56,
        "precip": 0.0,
        "events": ""
    },
    {
        "date": "10/11/16",
        "mean_temp": 55,
        "precip": 0.0,
        "events": ""
    },
    {
        "date": "10/12/16",
        "mean_temp": 60,
        "precip": 0.0,
        "events": ""
    },
    {
        "date": "10/13/16",
        "mean_temp": 60,
        "precip": "T",
        "events": ""
    },
    {
        "date": "10/14/16",
        "mean_temp": 55,
        "precip": 0.0,
        "events": ""
    },
    {
        "date": "10/15/16",
        "mean_temp": 55,
        "precip": 0.0,
        "events": ""
    },
    {
        "date": "10/16/16",
        "mean_temp": 61,
        "precip": 0.0,
        "events": ""
    },
    {
        "date": "10/17/16",
        "mean_temp": 72,
        "precip": 0.0,
        "events": ""
    },
    {
        "date": "10/18/16",
        "mean_temp": 74,
        "precip": 0.0,
        "events": ""
    },
    {
        "date": "10/19/16",
        "mean_temp": 75,
        "precip": 0.0,
        "events": ""
    },
    {
        "date": "10/20/16",
        "mean_temp": 66,
        "precip": 0.0,
        "events": ""
    },
    {
        "date": "10/21/16",
        "mean_temp": 63,
        "precip": 1.11,
        "events": "Fog-Rain"
    },
    {
        "date": "10/22/16",
        "mean_temp": 52,
        "precip": 0.29,
        "events": "Rain"
    },
    {
        "date": "10/23/16",
        "mean_temp": 53,
        "precip": 0.0,
        "events": ""
    },
    {
        "date": "10/24/16",
        "mean_temp": 55,
        "precip": "T",
        "events": ""
    },
    {
        "date": "10/25/16",
        "mean_temp": 48,
        "precip": 0.0,
        "events": ""
    },
    {
        "date": "10/26/16",
        "mean_temp": 45,
        "precip": 0.0,
        "events": ""
    },
    {
        "date": "10/27/16",
        "mean_temp": 48,
        "precip": 1.41,
        "events": "Rain"
    },
    {
        "date": "10/28/16",
        "mean_temp": 47,
        "precip": 0.0,
        "events": ""
    },
    {
        "date": "10/29/16",
        "mean_temp": 52,
        "precip": 0.0,
        "events": ""
    },
    {
        "date": "10/30/16",
        "mean_temp": 65,
        "precip": 0.56,
        "events": "Fog-Rain"
    },
    {
        "date": "10/31/16",
        "mean_temp": 49,
        "precip": 0.0,
        "events": ""
    },
    {
        "date": "11/1/16",
        "mean_temp": 49,
        "precip": 0.0,
        "events": ""
    },
    {
        "date": "11/2/16",
        "mean_temp": 62,
        "precip": 0.0,
        "events": ""
    },
    {
        "date": "11/3/16",
        "mean_temp": 65,
        "precip": 0.0,
        "events": ""
    },
    {
        "date": "11/4/16",
        "mean_temp": 54,
        "precip": 0.0,
        "events": ""
    },
    {
        "date": "11/5/16",
        "mean_temp": 53,
        "precip": 0.0,
        "events": ""
    },
    {
        "date": "11/6/16",
        "mean_temp": 52,
        "precip": 0.0,
        "events": ""
    },
    {
        "date": "11/7/16",
        "mean_temp": 47,
        "precip": 0.0,
        "events": ""
    },
    {
        "date": "11/8/16",
        "mean_temp": 54,
        "precip": 0.0,
        "events": ""
    },
    {
        "date": "11/9/16",
        "mean_temp": 54,
        "precip": 0.06,
        "events": "Rain"
    },
    {
        "date": "11/10/16",
        "mean_temp": 48,
        "precip": 0.0,
        "events": ""
    },
    {
        "date": "11/11/16",
        "mean_temp": 52,
        "precip": 0.0,
        "events": "Rain"
    },
    {
        "date": "11/12/16",
        "mean_temp": 44,
        "precip": 0.0,
        "events": ""
    },
    {
        "date": "11/13/16",
        "mean_temp": 51,
        "precip": 0.0,
        "events": ""
    },
    {
        "date": "11/14/16",
        "mean_temp": 54,
        "precip": 0.0,
        "events": ""
    },
    {
        "date": "11/15/16",
        "mean_temp": 52,
        "precip": 1.81,
        "events": "Fog-Rain"
    },
    {
        "date": "11/16/16",
        "mean_temp": 53,
        "precip": 0.0,
        "events": ""
    },
    {
        "date": "11/17/16",
        "mean_temp": 55,
        "precip": 0.0,
        "events": ""
    },
    {
        "date": "11/18/16",
        "mean_temp": 54,
        "precip": 0.0,
        "events": ""
    },
    {
        "date": "11/19/16",
        "mean_temp": 50,
        "precip": 0.25,
        "events": "Rain"
    },
    {
        "date": "11/20/16",
        "mean_temp": 38,
        "precip": 0.31,
        "events": "Rain-Snow"
    },
    {
        "date": "11/21/16",
        "mean_temp": 39,
        "precip": 0.0,
        "events": ""
    },
    {
        "date": "11/22/16",
        "mean_temp": 39,
        "precip": 0.0,
        "events": ""
    },
    {
        "date": "11/23/16",
        "mean_temp": 40,
        "precip": 0.0,
        "events": ""
    },
    {
        "date": "11/24/16",
        "mean_temp": 43,
        "precip": 0.03,
        "events": ""
    },
    {
        "date": "11/25/16",
        "mean_temp": 50,
        "precip": 0.02,
        "events": "Rain"
    },
    {
        "date": "11/26/16",
        "mean_temp": 45,
        "precip": 0.0,
        "events": ""
    },
    {
        "date": "11/27/16",
        "mean_temp": 45,
        "precip": 0.0,
        "events": ""
    },
    {
        "date": "11/28/16",
        "mean_temp": 45,
        "precip": 0.0,
        "events": ""
    },
    {
        "date": "11/29/16",
        "mean_temp": 56,
        "precip": 2.2,
        "events": "Fog-Rain"
    },
    {
        "date": "11/30/16",
        "mean_temp": 54,
        "precip": 0.73,
        "events": "Rain"
    },
    {
        "date": "12/1/16",
        "mean_temp": 48,
        "precip": 0.07,
        "events": "Rain"
    },
    {
        "date": "12/2/16",
        "mean_temp": 46,
        "precip": 0.0,
        "events": ""
    },
    {
        "date": "12/3/16",
        "mean_temp": 44,
        "precip": "T",
        "events": ""
    },
    {
        "date": "12/4/16",
        "mean_temp": 43,
        "precip": 0.0,
        "events": ""
    },
    {
        "date": "12/5/16",
        "mean_temp": 44,
        "precip": 0.19,
        "events": "Rain"
    },
    {
        "date": "12/6/16",
        "mean_temp": 42,
        "precip": 0.35,
        "events": "Rain"
    },
    {
        "date": "12/7/16",
        "mean_temp": 43,
        "precip": 0.09,
        "events": "Rain"
    },
    {
        "date": "12/8/16",
        "mean_temp": 40,
        "precip": 0.0,
        "events": ""
    },
    {
        "date": "12/9/16",
        "mean_temp": 35,
        "precip": 0.0,
        "events": ""
    },
    {
        "date": "12/10/16",
        "mean_temp": 32,
        "precip": 0.0,
        "events": ""
    },
    {
        "date": "12/11/16",
        "mean_temp": 32,
        "precip": 0.03,
        "events": "Snow"
    },
    {
        "date": "12/12/16",
        "mean_temp": 40,
        "precip": 0.5,
        "events": "Rain"
    },
    {
        "date": "12/13/16",
        "mean_temp": 39,
        "precip": 0.0,
        "events": ""
    },
    {
        "date": "12/14/16",
        "mean_temp": 38,
        "precip": 0.0,
        "events": ""
    },
    {
        "date": "12/15/16",
        "mean_temp": 27,
        "precip": "T",
        "events": ""
    },
    {
        "date": "12/16/16",
        "mean_temp": 22,
        "precip": 0.0,
        "events": ""
    },
    {
        "date": "12/17/16",
        "mean_temp": 32,
        "precip": 0.73,
        "events": "Rain-Snow"
    },
    {
        "date": "12/18/16",
        "mean_temp": 45,
        "precip": 0.04,
        "events": "Fog-Rain"
    },
    {
        "date": "12/19/16",
        "mean_temp": 27,
        "precip": 0.0,
        "events": ""
    },
    {
        "date": "12/20/16",
        "mean_temp": 27,
        "precip": 0.0,
        "events": ""
    },
    {
        "date": "12/21/16",
        "mean_temp": 35,
        "precip": 0.0,
        "events": ""
    },
    {
        "date": "12/22/16",
        "mean_temp": 43,
        "precip": 0.0,
        "events": ""
    },
    {
        "date": "12/23/16",
        "mean_temp": 43,
        "precip": 0.0,
        "events": ""
    },
    {
        "date": "12/24/16",
        "mean_temp": 43,
        "precip": 0.47,
        "events": "Rain"
    },
    {
        "date": "12/25/16",
        "mean_temp": 43,
        "precip": 0.0,
        "events": ""
    },
    {
        "date": "12/26/16",
        "mean_temp": 42,
        "precip": 0.02,
        "events": "Rain"
    },
    {
        "date": "12/27/16",
        "mean_temp": 50,
        "precip": 0.0,
        "events": ""
    },
    {
        "date": "12/28/16",
        "mean_temp": 37,
        "precip": 0.0,
        "events": ""
    },
    {
        "date": "12/29/16",
        "mean_temp": 40,
        "precip": 0.39,
        "events": "Rain"
    },
    {
        "date": "12/30/16",
        "mean_temp": 37,
        "precip": 0.01,
        "events": "Fog-Snow"
    },
    {
        "date": "12/31/16",
        "mean_temp": 38,
        "precip": 0.0,
        "events": ""
    }
]